strategy,ratio,accuracy,loss,params,size_mb,inference_ms,prune_time_s,error
structured_magnitude,0.0,98.09,0.061295220715552566,44470,0.16963958740234375,0.43801013333298516,0.005127327999844056,
structured_magnitude,0.1,98.09,0.06129527869299054,37989,0.14491653442382812,0.4567760333505551,0.0057735890000003565,
structured_magnitude,0.2,44.89,1.5652734832763673,28448,0.1085205078125,0.5646055333727418,0.006086895999942499,
structured_magnitude,0.3,62.94,1.3336600624084474,21594,0.08237457275390625,0.6982695333059988,0.008489809999900899,
structured_magnitude,0.4,59.7,1.62295933303833,15299,0.058361053466796875,0.993396300001829,0.009304299999939758,
structured_magnitude,0.5,53.92,1.794271186065674,11283,0.043041229248046875,0.937454999992345,0.008944203000055495,
structured_magnitude,0.6,46.29,2.1662965744018554,6999,0.026699066162109375,0.9679259999984424,0.006772409999939555,
structured_magnitude,0.7,22.3,2.2534733165740968,3712,0.01416015625,0.8683680000103777,0.00901592999980494,
structured_bn,0.0,98.09,0.061295220715552566,44470,0.16963958740234375,1.7266139999946972,0.003589469999951689,
structured_bn,0.1,75.95,0.8321265901565552,41591,0.15865707397460938,1.510581000025013,0.005212260000007518,
structured_bn,0.2,77.85,0.6198057411193848,37545,0.14322280883789062,1.416092999996484,0.008375130000104036,
structured_bn,0.3,53.46,1.4093434547424317,35194,0.13425445556640625,1.4029409999996763,0.008153190000030008,
structured_bn,0.4,63.58,1.1667646514892578,32893,0.12547683715820312,1.2277260000018941,0.005785560000049372,
structured_bn,0.5,57.55,1.3406867809295655,28947,0.11042404174804688,1.502569799996915,0.007684019999942393,
structured_bn,0.6,47.63,1.536843595123291,23028,0.0878448486328125,1.7166647666499557,0.0054848919999130885,
structured_bn,0.7,42.18,1.6561342750549317,19082,0.07279205322265625,1.194474866664071,0.006063053999923795,
structured_groupnorm,0.0,98.09,0.061295220715552566,44470,0.16963958740234375,1.4540908000147585,0.005860545999894384,
structured_groupnorm,0.1,98.09,0.06129527869299054,37989,0.14491653442382812,0.44635106667859265,0.01121940200005156,
structured_groupnorm,0.2,44.89,1.5652734832763673,28448,0.1085205078125,0.43137039999692206,0.006581455000059577,
structured_groupnorm,0.3,62.94,1.3336600624084474,21594,0.08237457275390625,0.4235781000033967,0.006626974000027985,
structured_groupnorm,0.4,59.7,1.62295933303833,15299,0.058361053466796875,0.4151001000006242,0.0069991299999401235,
structured_groupnorm,0.5,53.92,1.794271186065674,11283,0.043041229248046875,0.41321226668363426,0.006796692000079929,
structured_groupnorm,0.6,46.29,2.1662965744018554,6999,0.026699066162109375,0.4502239000051607,0.006634759999997186,
structured_groupnorm,0.7,22.3,2.2534733165740968,3712,0.01416015625,0.5093548666688245,0.006510089999892443,
structured_fpgm,0.0,98.09,0.061295220715552566,44470,0.16963958740234375,1.0961133000137124,0.03601228900015485,
structured_fpgm,0.1,98.09,0.0611000441043172,37767,0.14406967163085938,1.0985664666501787,0.007016926999995121,
structured_fpgm,0.2,96.57,0.11624226504862309,29445,0.11232376098632812,1.4154320333545911,0.007696633000023212,
structured_fpgm,0.3,68.48,0.8296070806503296,22839,0.08712387084960938,1.2524651666808495,0.008905051000056119,
structured_fpgm,0.4,34.64,1.6375063903808593,17983,0.06859970092773438,1.7734342333521151,0.010422130999813817,
structured_fpgm,0.5,41.16,1.7098120790481568,12901,0.049213409423828125,1.2796947666781004,0.010160093000195047,
structured_fpgm,0.6,39.47,2.0373207231521606,8191,0.031246185302734375,1.461387866675068,0.010781868000094619,
structured_fpgm,0.7,40.02,2.233803868484497,4674,0.01782989501953125,1.5009244333365739,0.015414634000080696,
structured_lamp,0.0,98.09,0.061295220715552566,44470,0.16963958740234375,1.6873339666669078,0.03838712700007818,
structured_lamp,0.1,98.09,0.06129527940824628,37767,0.14406967163085938,1.779874900012146,0.008174728000085452,
structured_lamp,0.2,98.09,0.06420782192051411,31007,0.11828231811523438,1.6532820999979474,0.009048755000094388,
structured_lamp,0.3,97.29,0.10658962251394988,25474,0.09717559814453125,1.645461266662096,0.007579197000040949,
structured_lamp,0.4,94.97,0.24205646723508834,20837,0.07948684692382812,1.7379869333581155,0.01219021400015663,
structured_lamp,0.5,93.52,0.4041028381347656,16767,0.06396102905273438,1.9822572333396238,0.008406594000007317,
structured_lamp,0.6,89.7,0.8273805749893188,12647,0.048244476318359375,1.9263401999827086,0.00822742900004414,
structured_lamp,0.7,75.2,1.4354885494232177,8791,0.033535003662109375,1.9296789666896075,0.00913291200004096,
structured_random,0.0,98.09,0.061295220715552566,44470,0.16963958740234375,1.7460070666781273,0.0020913019998261007,
structured_random,0.1,84.72,0.42370223112106326,35286,0.13460540771484375,3.338375766641851,0.004569445000015548,
structured_random,0.2,75.58,0.9050452045440673,27907,0.10645675659179688,1.3079871666529168,0.0052617920000557206,
structured_random,0.3,82.43,0.9504261558532715,21442,0.08179473876953125,1.1820813666721126,0.006096061000107511,
structured_random,0.4,60.9,1.3697620891571045,15697,0.059879302978515625,1.5011279333293714,0.005212377000134438,
structured_random,0.5,40.2,1.798189044189453,10605,0.040454864501953125,1.8380384999848804,0.005253788999880271,
structured_random,0.6,25.56,2.2354370109558106,8368,0.03192138671875,1.5442799333565442,0.005245393999985026,
structured_random,0.7,11.35,2.2948467453002928,3835,0.014629364013671875,1.7447288666820289,0.0050693649998265755,
