layer,min,max,mean,abs_max,std,p99,p99_9,kurtosis
model.layers.0.self_attn.q_proj,-0.48221972584724426,1.0631099939346313,0.000967790896538645,1.0631099939346313,0.05213520675897598,0.19516029953956604,0.5239127278327942,103.76221466064453
model.layers.0.self_attn.k_proj,-0.48221972584724426,1.0631099939346313,0.000967790896538645,1.0631099939346313,0.05213520675897598,0.19516029953956604,0.5239127278327942,103.76221466064453
model.layers.0.self_attn.v_proj,-0.48221972584724426,1.0631099939346313,0.000967790896538645,1.0631099939346313,0.05213520675897598,0.19516029953956604,0.5239127278327942,103.76221466064453
model.layers.0.self_attn.o_proj,-0.5267701745033264,0.3336595296859741,0.001670357072725892,0.5267701745033264,0.029961248859763145,0.13385415077209473,0.3195079565048218,78.46500396728516
model.layers.0.mlp.gate_proj,-1.286544680595398,0.8850334882736206,-0.0023794295266270638,1.286544680595398,0.10014022141695023,0.2822869122028351,1.1183933019638062,36.663482666015625
model.layers.0.mlp.up_proj,-1.286544680595398,0.8850334882736206,-0.0023794295266270638,1.286544680595398,0.10014022141695023,0.2822869122028351,1.1183933019638062,36.663482666015625
model.layers.0.mlp.down_proj,-5.055561542510986,4.923233985900879,-0.00025982223451137543,5.055561542510986,0.18342627584934235,0.6637656688690186,2.0147151947021484,137.17893981933594
model.layers.1.self_attn.q_proj,-0.9371781945228577,4.904966354370117,0.0066732317209243774,4.904966354370117,0.20629796385765076,0.3270004391670227,4.246006488800049,356.4156188964844
model.layers.1.self_attn.k_proj,-0.9371781945228577,4.904966354370117,0.0066732317209243774,4.904966354370117,0.20629796385765076,0.3270004391670227,4.246006488800049,356.4156188964844
model.layers.1.self_attn.v_proj,-0.9371781945228577,4.904966354370117,0.0066732317209243774,4.904966354370117,0.20629796385765076,0.3270004391670227,4.246006488800049,356.4156188964844
model.layers.1.self_attn.o_proj,-1.2699239253997803,1.4896029233932495,0.012160089798271656,1.4896029233932495,0.2112053781747818,0.9386791586875916,1.3349559307098389,13.555949211120605
model.layers.1.mlp.gate_proj,-0.4935360550880432,1.049504280090332,0.000828034826554358,1.049504280090332,0.08618798851966858,0.23102299869060516,0.5076702833175659,13.560507774353027
model.layers.1.mlp.up_proj,-0.4935360550880432,1.049504280090332,0.000828034826554358,1.049504280090332,0.08618798851966858,0.23102299869060516,0.5076702833175659,13.560507774353027
model.layers.1.mlp.down_proj,-4.640902519226074,4.6036200523376465,0.000899726350326091,4.640902519226074,0.10967784374952316,0.2592397928237915,1.0234845876693726,783.0518798828125
model.layers.2.self_attn.q_proj,-2.265226364135742,4.4862213134765625,0.004915238823741674,4.4862213134765625,0.19849690794944763,0.45910701155662537,2.6304876804351807,165.67063903808594
model.layers.2.self_attn.k_proj,-2.265226364135742,4.4862213134765625,0.004915238823741674,4.4862213134765625,0.19849690794944763,0.45910701155662537,2.6304876804351807,165.67063903808594
model.layers.2.self_attn.v_proj,-2.265226364135742,4.4862213134765625,0.004915238823741674,4.4862213134765625,0.19849690794944763,0.45910701155662537,2.6304876804351807,165.67063903808594
model.layers.2.self_attn.o_proj,-1.0859202146530151,1.3261711597442627,0.019481178373098373,1.3261711597442627,0.16587316989898682,0.6675794124603271,1.1805082559585571,12.956430435180664
model.layers.2.mlp.gate_proj,-0.7305933237075806,1.1294790506362915,0.0013577555073425174,1.1294790506362915,0.0984334945678711,0.27501365542411804,0.7094260454177856,16.99872589111328
model.layers.2.mlp.up_proj,-0.7305933237075806,1.1294790506362915,0.0013577555073425174,1.1294790506362915,0.0984334945678711,0.27501365542411804,0.7094260454177856,16.99872589111328
model.layers.2.mlp.down_proj,-41.50543212890625,68.39093017578125,0.006165539845824242,68.39093017578125,0.8953613638877869,0.3123477101325989,1.0587297677993774,4306.01025390625
model.layers.3.self_attn.q_proj,-3.120865821838379,4.009425640106201,0.0011212278623133898,4.009425640106201,0.22597427666187286,0.5345625877380371,2.928367853164673,104.4257583618164
model.layers.3.self_attn.k_proj,-3.120865821838379,4.009425640106201,0.0011212278623133898,4.009425640106201,0.22597427666187286,0.5345625877380371,2.928367853164673,104.4257583618164
model.layers.3.self_attn.v_proj,-3.120865821838379,4.009425640106201,0.0011212278623133898,4.009425640106201,0.22597427666187286,0.5345625877380371,2.928367853164673,104.4257583618164
model.layers.3.self_attn.o_proj,-0.7245035171508789,1.4605203866958618,0.0011663377517834306,1.4605203866958618,0.1081487238407135,0.4070306420326233,0.9259209632873535,23.59882926940918
model.layers.3.mlp.gate_proj,-0.6507396101951599,1.1962699890136719,-0.0008333479054272175,1.1962699890136719,0.0908254012465477,0.2525876760482788,0.6616513133049011,20.24027442932129
model.layers.3.mlp.up_proj,-0.6507396101951599,1.1962699890136719,-0.0008333479054272175,1.1962699890136719,0.0908254012465477,0.2525876760482788,0.6616513133049011,20.24027442932129
model.layers.3.mlp.down_proj,-1.6249725818634033,2.5023398399353027,-0.001635541208088398,2.5023398399353027,0.08434804528951645,0.28926724195480347,0.6745483875274658,92.7966079711914
model.layers.4.self_attn.q_proj,-2.4877114295959473,3.349595069885254,-0.00013482331996783614,3.349595069885254,0.19807015359401703,0.5158350467681885,2.3876194953918457,80.46121978759766
model.layers.4.self_attn.k_proj,-2.4877114295959473,3.349595069885254,-0.00013482331996783614,3.349595069885254,0.19807015359401703,0.5158350467681885,2.3876194953918457,80.46121978759766
model.layers.4.self_attn.v_proj,-2.4877114295959473,3.349595069885254,-0.00013482331996783614,3.349595069885254,0.19807015359401703,0.5158350467681885,2.3876194953918457,80.46121978759766
model.layers.4.self_attn.o_proj,-0.9154858589172363,0.9629555940628052,0.0034800171852111816,0.9629555940628052,0.1031385213136673,0.3971148133277893,0.6899980306625366,15.234416961669922
model.layers.4.mlp.gate_proj,-0.6344336867332458,1.4415098428726196,-0.00047369697131216526,1.4415098428726196,0.10082505643367767,0.2814955413341522,0.764408528804779,24.72545623779297
model.layers.4.mlp.up_proj,-0.6344336867332458,1.4415098428726196,-0.00047369697131216526,1.4415098428726196,0.10082505643367767,0.2814955413341522,0.764408528804779,24.72545623779297
model.layers.4.mlp.down_proj,-1.4815593957901,1.089915156364441,0.0009641404030844569,1.4815593957901,0.09097430109977722,0.3047316372394562,0.7408779263496399,29.455909729003906
model.layers.5.self_attn.q_proj,-2.983355760574341,4.376152515411377,-0.0012393936049193144,4.376152515411377,0.2202942818403244,0.6033531427383423,2.7152605056762695,114.02412414550781
model.layers.5.self_attn.k_proj,-2.983355760574341,4.376152515411377,-0.0012393936049193144,4.376152515411377,0.2202942818403244,0.6033531427383423,2.7152605056762695,114.02412414550781
model.layers.5.self_attn.v_proj,-2.983355760574341,4.376152515411377,-0.0012393936049193144,4.376152515411377,0.2202942818403244,0.6033531427383423,2.7152605056762695,114.02412414550781
model.layers.5.self_attn.o_proj,-1.3752400875091553,1.4277498722076416,-0.007074332796037197,1.4277498722076416,0.12848354876041412,0.5438501238822937,0.9480879306793213,21.952362060546875
model.layers.5.mlp.gate_proj,-0.7549164891242981,1.721558928489685,-0.00032557061058469117,1.721558928489685,0.10944148153066635,0.3094269335269928,0.9068321585655212,34.719051361083984
model.layers.5.mlp.up_proj,-0.7549164891242981,1.721558928489685,-0.00032557061058469117,1.721558928489685,0.10944148153066635,0.3094269335269928,0.9068321585655212,34.719051361083984
model.layers.5.mlp.down_proj,-1.2978911399841309,2.151308298110962,-0.0008361659711226821,2.151308298110962,0.10552578419446945,0.3500310480594635,0.8578439950942993,32.40861892700195
model.layers.6.self_attn.q_proj,-2.8109099864959717,4.560728549957275,-0.0008875234634615481,4.560728549957275,0.21074622869491577,0.5235291123390198,2.624783992767334,142.6150360107422
model.layers.6.self_attn.k_proj,-2.8109099864959717,4.560728549957275,-0.0008875234634615481,4.560728549957275,0.21074622869491577,0.5235291123390198,2.624783992767334,142.6150360107422
model.layers.6.self_attn.v_proj,-2.8109099864959717,4.560728549957275,-0.0008875234634615481,4.560728549957275,0.21074622869491577,0.5235291123390198,2.624783992767334,142.6150360107422
model.layers.6.self_attn.o_proj,-0.8135006427764893,0.5811077356338501,-0.010750153101980686,0.8135006427764893,0.08961557596921921,0.365196168422699,0.5755481123924255,14.006094932556152
model.layers.6.mlp.gate_proj,-0.8400546908378601,1.61940598487854,-0.0011282002087682486,1.61940598487854,0.10682148486375809,0.31336772441864014,0.8376409411430359,32.29850387573242
model.layers.6.mlp.up_proj,-0.8400546908378601,1.61940598487854,-0.0011282002087682486,1.61940598487854,0.10682148486375809,0.31336772441864014,0.8376409411430359,32.29850387573242
model.layers.6.mlp.down_proj,-2.4683594703674316,2.1237306594848633,-0.0004406929074320942,2.4683594703674316,0.1108090877532959,0.36664173007011414,0.9739835262298584,76.97755432128906
model.layers.7.self_attn.q_proj,-3.208970308303833,5.064213275909424,9.178811887977645e-05,5.064213275909424,0.2593819200992584,0.8939089775085449,2.9638023376464844,95.68809509277344
model.layers.7.self_attn.k_proj,-3.208970308303833,5.064213275909424,9.178811887977645e-05,5.064213275909424,0.2593819200992584,0.8939089775085449,2.9638023376464844,95.68809509277344
model.layers.7.self_attn.v_proj,-3.208970308303833,5.064213275909424,9.178811887977645e-05,5.064213275909424,0.2593819200992584,0.8939089775085449,2.9638023376464844,95.68809509277344
model.layers.7.self_attn.o_proj,-1.5715937614440918,1.256309151649475,0.0026691770181059837,1.5715937614440918,0.08922293037176132,0.32654881477355957,0.7484816908836365,45.158504486083984
model.layers.7.mlp.gate_proj,-1.0322445631027222,1.550960659980774,-0.0008855187916196883,1.550960659980774,0.11100646108388901,0.3167765736579895,0.9573569297790527,27.459009170532227
model.layers.7.mlp.up_proj,-1.0322445631027222,1.550960659980774,-0.0008855187916196883,1.550960659980774,0.11100646108388901,0.3167765736579895,0.9573569297790527,27.459009170532227
model.layers.7.mlp.down_proj,-2.9402880668640137,5.910460472106934,0.002283083274960518,5.910460472106934,0.1376449167728424,0.4440253973007202,1.2923085689544678,314.6694030761719
model.layers.8.self_attn.q_proj,-4.116466522216797,5.680607318878174,-0.002361312974244356,5.680607318878174,0.2651959955692291,0.7904699444770813,3.569305181503296,144.22215270996094
model.layers.8.self_attn.k_proj,-4.116466522216797,5.680607318878174,-0.002361312974244356,5.680607318878174,0.2651959955692291,0.7904699444770813,3.569305181503296,144.22215270996094
model.layers.8.self_attn.v_proj,-4.116466522216797,5.680607318878174,-0.002361312974244356,5.680607318878174,0.2651959955692291,0.7904699444770813,3.569305181503296,144.22215270996094
model.layers.8.self_attn.o_proj,-1.1391723155975342,1.1510804891586304,-0.0020995934028178453,1.1510804891586304,0.10681085288524628,0.35469454526901245,1.071862816810608,25.162731170654297
model.layers.8.mlp.gate_proj,-1.190589189529419,1.9952129125595093,-0.0016132490709424019,1.9952129125595093,0.12245828658342361,0.33245542645454407,1.1209357976913452,45.095703125
model.layers.8.mlp.up_proj,-1.190589189529419,1.9952129125595093,-0.0016132490709424019,1.9952129125595093,0.12245828658342361,0.33245542645454407,1.1209357976913452,45.095703125
model.layers.8.mlp.down_proj,-4.290991306304932,11.31053352355957,-0.00017071956244762987,11.31053352355957,0.20136089622974396,0.5576584339141846,1.8615578413009644,945.6399536132812
model.layers.9.self_attn.q_proj,-4.930087089538574,3.821746587753296,-0.008894703350961208,4.930087089538574,0.2495068460702896,0.5252501964569092,3.819768190383911,158.68406677246094
model.layers.9.self_attn.k_proj,-4.930087089538574,3.821746587753296,-0.008894703350961208,4.930087089538574,0.2495068460702896,0.5252501964569092,3.819768190383911,158.68406677246094
model.layers.9.self_attn.v_proj,-4.930087089538574,3.821746587753296,-0.008894703350961208,4.930087089538574,0.2495068460702896,0.5252501964569092,3.819768190383911,158.68406677246094
model.layers.9.self_attn.o_proj,-1.2668054103851318,1.1022467613220215,-0.006806320510804653,1.2668054103851318,0.13627293705940247,0.5272934436798096,0.9699854254722595,14.175350189208984
model.layers.9.mlp.gate_proj,-2.131469249725342,2.402848243713379,-0.0018044294556602836,2.402848243713379,0.1329231560230255,0.3296767473220825,1.4323927164077759,86.52950286865234
model.layers.9.mlp.up_proj,-2.131469249725342,2.402848243713379,-0.0018044294556602836,2.402848243713379,0.1329231560230255,0.3296767473220825,1.4323927164077759,86.52950286865234
model.layers.9.mlp.down_proj,-67.22466278076172,5.97307825088501,-0.008955491706728935,67.22466278076172,0.7291634678840637,0.5882986187934875,1.7653099298477173,6702.658203125
model.layers.10.self_attn.q_proj,-5.190758228302002,4.211452960968018,-0.007682679686695337,5.190758228302002,0.25405988097190857,0.45632150769233704,4.178699493408203,184.9452667236328
model.layers.10.self_attn.k_proj,-5.190758228302002,4.211452960968018,-0.007682679686695337,5.190758228302002,0.25405988097190857,0.45632150769233704,4.178699493408203,184.9452667236328
model.layers.10.self_attn.v_proj,-5.190758228302002,4.211452960968018,-0.007682679686695337,5.190758228302002,0.25405988097190857,0.45632150769233704,4.178699493408203,184.9452667236328
model.layers.10.self_attn.o_proj,-1.5435826778411865,3.4885315895080566,0.008581663481891155,3.4885315895080566,0.25564923882484436,0.9187980890274048,2.261495590209961,31.15873908996582
model.layers.10.mlp.gate_proj,-2.0199882984161377,2.857567071914673,-0.0010167942382395267,2.857567071914673,0.14149260520935059,0.30717507004737854,1.7586866617202759,98.97650146484375
model.layers.10.mlp.up_proj,-2.0199882984161377,2.857567071914673,-0.0010167942382395267,2.857567071914673,0.14149260520935059,0.30717507004737854,1.7586866617202759,98.97650146484375
model.layers.10.mlp.down_proj,-25.25596046447754,8.962416648864746,-0.0005863789119757712,25.25596046447754,0.30931374430656433,0.6286541223526001,1.3077312707901,3493.923095703125
model.layers.11.self_attn.q_proj,-4.027176856994629,2.904339075088501,-0.004255511332303286,4.027176856994629,0.22723974287509918,0.465146541595459,3.062469720840454,124.37027740478516
model.layers.11.self_attn.k_proj,-4.027176856994629,2.904339075088501,-0.004255511332303286,4.027176856994629,0.22723974287509918,0.465146541595459,3.062469720840454,124.37027740478516
model.layers.11.self_attn.v_proj,-4.027176856994629,2.904339075088501,-0.004255511332303286,4.027176856994629,0.22723974287509918,0.465146541595459,3.062469720840454,124.37027740478516
model.layers.11.self_attn.o_proj,-4.240410804748535,2.6893563270568848,-0.007680425886064768,4.240410804748535,0.3619433343410492,1.1109068393707275,3.7729077339172363,29.639575958251953
model.layers.11.mlp.gate_proj,-1.8765625953674316,0.9372599124908447,-0.005218659993261099,1.8765625953674316,0.1421544849872589,0.4113483726978302,1.3087395429611206,28.550968170166016
model.layers.11.mlp.up_proj,-1.8765625953674316,0.9372599124908447,-0.005218659993261099,1.8765625953674316,0.1421544849872589,0.4113483726978302,1.3087395429611206,28.550968170166016
model.layers.11.mlp.down_proj,-4.595319747924805,2330.5,0.23398452997207642,2330.5,21.25457000732422,0.641040563583374,2.886932134628296,10686.1259765625
model.layers.12.self_attn.q_proj,-8.972393989562988,2.483381748199463,-0.012647113762795925,8.972393989562988,0.3291689455509186,0.5758278369903564,6.3511457443237305,393.7976379394531
model.layers.12.self_attn.k_proj,-8.972393989562988,2.483381748199463,-0.012647113762795925,8.972393989562988,0.3291689455509186,0.5758278369903564,6.3511457443237305,393.7976379394531
model.layers.12.self_attn.v_proj,-8.972393989562988,2.483381748199463,-0.012647113762795925,8.972393989562988,0.3291689455509186,0.5758278369903564,6.3511457443237305,393.7976379394531
model.layers.12.self_attn.o_proj,-1.731471061706543,1.2358160018920898,-0.005159710068255663,1.731471061706543,0.2042338252067566,0.8259836435317993,1.4699293375015259,14.975014686584473
model.layers.12.mlp.gate_proj,-1.7813109159469604,0.7003790736198425,-0.004552309401333332,1.7813109159469604,0.12270533293485641,0.3326253294944763,1.2982542514801025,42.59641647338867
model.layers.12.mlp.up_proj,-1.7813109159469604,0.7003790736198425,-0.004552309401333332,1.7813109159469604,0.12270533293485641,0.3326253294944763,1.2982542514801025,42.59641647338867
model.layers.12.mlp.down_proj,-2.374082326889038,4.8875532150268555,-0.0020416760817170143,4.8875532150268555,0.14845307171344757,0.5099498629570007,1.292042851448059,109.98836517333984
model.layers.13.self_attn.q_proj,-7.926580905914307,2.483250617980957,-0.008872762322425842,7.926580905914307,0.2937295138835907,0.5254852175712585,5.251121520996094,347.65765380859375
model.layers.13.self_attn.k_proj,-7.926580905914307,2.483250617980957,-0.008872762322425842,7.926580905914307,0.2937295138835907,0.5254852175712585,5.251121520996094,347.65765380859375
model.layers.13.self_attn.v_proj,-7.926580905914307,2.483250617980957,-0.008872762322425842,7.926580905914307,0.2937295138835907,0.5254852175712585,5.251121520996094,347.65765380859375
model.layers.13.self_attn.o_proj,-0.975779116153717,1.251212239265442,0.012312344275414944,1.251212239265442,0.17077724635601044,0.6557934284210205,1.0646461248397827,10.128570556640625
model.layers.13.mlp.gate_proj,-2.102835178375244,0.7105808854103088,-0.0034994445741176605,2.102835178375244,0.12681248784065247,0.3447059988975525,1.3788148164749146,54.76820373535156
model.layers.13.mlp.up_proj,-2.102835178375244,0.7105808854103088,-0.0034994445741176605,2.102835178375244,0.12681248784065247,0.3447059988975525,1.3788148164749146,54.76820373535156
model.layers.13.mlp.down_proj,-2.1542375087738037,3.9199647903442383,-0.0008535074885003269,3.9199647903442383,0.156958669424057,0.5729230642318726,1.4359960556030273,59.71239471435547
model.layers.14.self_attn.q_proj,-7.365610122680664,2.179989814758301,-0.010356382466852665,7.365610122680664,0.2939101457595825,0.6650870442390442,5.183755874633789,256.99810791015625
model.layers.14.self_attn.k_proj,-7.365610122680664,2.179989814758301,-0.010356382466852665,7.365610122680664,0.2939101457595825,0.6650870442390442,5.183755874633789,256.99810791015625
model.layers.14.self_attn.v_proj,-7.365610122680664,2.179989814758301,-0.010356382466852665,7.365610122680664,0.2939101457595825,0.6650870442390442,5.183755874633789,256.99810791015625
model.layers.14.self_attn.o_proj,-1.2146260738372803,1.4390842914581299,0.0014495544601231813,1.4390842914581299,0.1926402449607849,0.7746033072471619,1.289136528968811,13.98730182647705
model.layers.14.mlp.gate_proj,-1.9760819673538208,0.7824779748916626,-0.0027543571777641773,1.9760819673538208,0.12347931414842606,0.34296807646751404,1.3651371002197266,49.26784133911133
model.layers.14.mlp.up_proj,-1.9760819673538208,0.7824779748916626,-0.0027543571777641773,1.9760819673538208,0.12347931414842606,0.34296807646751404,1.3651371002197266,49.26784133911133
model.layers.14.mlp.down_proj,-3.9004878997802734,4.199947357177734,0.0013322910526767373,4.199947357177734,0.16890400648117065,0.6086350679397583,1.5391100645065308,99.7513656616211
model.layers.15.self_attn.q_proj,-6.53771448135376,3.0075230598449707,-0.006443855352699757,6.53771448135376,0.2758585214614868,0.6673117876052856,4.783951759338379,227.46778869628906
model.layers.15.self_attn.k_proj,-6.53771448135376,3.0075230598449707,-0.006443855352699757,6.53771448135376,0.2758585214614868,0.6673117876052856,4.783951759338379,227.46778869628906
model.layers.15.self_attn.v_proj,-6.53771448135376,3.0075230598449707,-0.006443855352699757,6.53771448135376,0.2758585214614868,0.6673117876052856,4.783951759338379,227.46778869628906
model.layers.15.self_attn.o_proj,-2.1615488529205322,2.164759397506714,0.002236614702269435,2.164759397506714,0.2474079430103302,1.3610126972198486,2.115528106689453,28.322778701782227
model.layers.15.mlp.gate_proj,-1.8931852579116821,1.0205028057098389,-0.002550794743001461,1.8931852579116821,0.12686555087566376,0.36981314420700073,1.418358325958252,50.80892562866211
model.layers.15.mlp.up_proj,-1.8931852579116821,1.0205028057098389,-0.002550794743001461,1.8931852579116821,0.12686555087566376,0.36981314420700073,1.418358325958252,50.80892562866211
model.layers.15.mlp.down_proj,-2.066149950027466,2.309507131576538,0.0011083395220339298,2.309507131576538,0.16565003991127014,0.6416856646537781,1.3819679021835327,24.407079696655273
model.layers.16.self_attn.q_proj,-6.968844413757324,2.9725100994110107,-0.006545573007315397,6.968844413757324,0.2821754515171051,0.5880919694900513,5.26753568649292,282.0411376953125
model.layers.16.self_attn.k_proj,-6.968844413757324,2.9725100994110107,-0.006545573007315397,6.968844413757324,0.2821754515171051,0.5880919694900513,5.26753568649292,282.0411376953125
model.layers.16.self_attn.v_proj,-6.968844413757324,2.9725100994110107,-0.006545573007315397,6.968844413757324,0.2821754515171051,0.5880919694900513,5.26753568649292,282.0411376953125
model.layers.16.self_attn.o_proj,-1.7674171924591064,1.8399978876113892,-0.017444852739572525,1.8399978876113892,0.27480384707450867,1.0717368125915527,1.5771660804748535,9.35424518585205
model.layers.16.mlp.gate_proj,-1.7621740102767944,1.0236960649490356,-0.0020506305154412985,1.7621740102767944,0.12421960383653641,0.37747833132743835,1.3302956819534302,41.40373229980469
model.layers.16.mlp.up_proj,-1.7621740102767944,1.0236960649490356,-0.0020506305154412985,1.7621740102767944,0.12421960383653641,0.37747833132743835,1.3302956819534302,41.40373229980469
model.layers.16.mlp.down_proj,-3.545153856277466,3.4595327377319336,-0.001453485805541277,3.545153856277466,0.18121753633022308,0.6675650477409363,1.5683953762054443,53.57471466064453
model.layers.17.self_attn.q_proj,-7.569708824157715,2.9140195846557617,-0.009395365603268147,7.569708824157715,0.33162906765937805,0.8361195921897888,5.98736572265625,222.1236572265625
model.layers.17.self_attn.k_proj,-7.569708824157715,2.9140195846557617,-0.009395365603268147,7.569708824157715,0.33162906765937805,0.8361195921897888,5.98736572265625,222.1236572265625
model.layers.17.self_attn.v_proj,-7.569708824157715,2.9140195846557617,-0.009395365603268147,7.569708824157715,0.33162906765937805,0.8361195921897888,5.98736572265625,222.1236572265625
model.layers.17.self_attn.o_proj,-1.6385862827301025,1.559464693069458,-0.0005065042641945183,1.6385862827301025,0.2250160276889801,1.0614522695541382,1.5589089393615723,18.745647430419922
model.layers.17.mlp.gate_proj,-1.5540696382522583,1.0750077962875366,-0.004481818061321974,1.5540696382522583,0.12302400916814804,0.3731003999710083,1.2749289274215698,35.382469177246094
model.layers.17.mlp.up_proj,-1.5540696382522583,1.0750077962875366,-0.004481818061321974,1.5540696382522583,0.12302400916814804,0.3731003999710083,1.2749289274215698,35.382469177246094
model.layers.17.mlp.down_proj,-2.416172981262207,2.7354366779327393,0.003874894231557846,2.7354366779327393,0.18069148063659668,0.7096387147903442,1.462559461593628,29.882328033447266
model.layers.18.self_attn.q_proj,-7.1500749588012695,2.4709513187408447,-0.011694958433508873,7.1500749588012695,0.33967477083206177,0.9704720377922058,5.638053894042969,161.798583984375
model.layers.18.self_attn.k_proj,-7.1500749588012695,2.4709513187408447,-0.011694958433508873,7.1500749588012695,0.33967477083206177,0.9704720377922058,5.638053894042969,161.798583984375
model.layers.18.self_attn.v_proj,-7.1500749588012695,2.4709513187408447,-0.011694958433508873,7.1500749588012695,0.33967477083206177,0.9704720377922058,5.638053894042969,161.798583984375
model.layers.18.self_attn.o_proj,-1.5422252416610718,1.6291652917861938,0.003928222227841616,1.6291652917861938,0.17989671230316162,0.8345865607261658,1.3756417036056519,21.988069534301758
model.layers.18.mlp.gate_proj,-1.8344584703445435,1.4390242099761963,-0.0038543392438441515,1.8344584703445435,0.13363996148109436,0.4224264323711395,1.4893075227737427,46.50120162963867
model.layers.18.mlp.up_proj,-1.8344584703445435,1.4390242099761963,-0.0038543392438441515,1.8344584703445435,0.13363996148109436,0.4224264323711395,1.4893075227737427,46.50120162963867
model.layers.18.mlp.down_proj,-3.2304751873016357,2.4627277851104736,-7.268889748957008e-05,3.2304751873016357,0.23425322771072388,0.9860201478004456,2.099658727645874,32.22586441040039
model.layers.19.self_attn.q_proj,-7.733154773712158,3.379955530166626,-0.007491250988095999,7.733154773712158,0.32298144698143005,0.8013413548469543,5.779655933380127,243.86627197265625
model.layers.19.self_attn.k_proj,-7.733154773712158,3.379955530166626,-0.007491250988095999,7.733154773712158,0.32298144698143005,0.8013413548469543,5.779655933380127,243.86627197265625
model.layers.19.self_attn.v_proj,-7.733154773712158,3.379955530166626,-0.007491250988095999,7.733154773712158,0.32298144698143005,0.8013413548469543,5.779655933380127,243.86627197265625
model.layers.19.self_attn.o_proj,-2.5282604694366455,1.6385852098464966,-0.007115848362445831,2.5282604694366455,0.2607923746109009,0.8878891468048096,1.52591073513031,9.585437774658203
model.layers.19.mlp.gate_proj,-2.155400276184082,1.9658644199371338,-0.002976761432364583,2.155400276184082,0.15113204717636108,0.44688165187835693,1.7826954126358032,52.80344772338867
model.layers.19.mlp.up_proj,-2.155400276184082,1.9658644199371338,-0.002976761432364583,2.155400276184082,0.15113204717636108,0.44688165187835693,1.7826954126358032,52.80344772338867
model.layers.19.mlp.down_proj,-3.737098455429077,2.9632034301757812,-0.0013865596847608685,3.737098455429077,0.2468881458044052,1.0152192115783691,2.0425209999084473,27.002351760864258
model.layers.20.self_attn.q_proj,-6.070586681365967,2.681211471557617,-0.007478166371583939,6.070586681365967,0.2932436168193817,0.857269287109375,4.301840782165527,134.5079803466797
model.layers.20.self_attn.k_proj,-6.070586681365967,2.681211471557617,-0.007478166371583939,6.070586681365967,0.2932436168193817,0.857269287109375,4.301840782165527,134.5079803466797
model.layers.20.self_attn.v_proj,-6.070586681365967,2.681211471557617,-0.007478166371583939,6.070586681365967,0.2932436168193817,0.857269287109375,4.301840782165527,134.5079803466797
model.layers.20.self_attn.o_proj,-1.3233885765075684,0.8650192022323608,-0.009060493670403957,1.3233885765075684,0.11892325431108475,0.53722083568573,0.8623561263084412,21.289093017578125
model.layers.20.mlp.gate_proj,-2.1125574111938477,1.9149456024169922,-0.004262214060872793,2.1125574111938477,0.15209628641605377,0.4326322376728058,1.729963779449463,52.59593963623047
model.layers.20.mlp.up_proj,-2.1125574111938477,1.9149456024169922,-0.004262214060872793,2.1125574111938477,0.15209628641605377,0.4326322376728058,1.729963779449463,52.59593963623047
model.layers.20.mlp.down_proj,-3.555208206176758,8.811962127685547,-0.0007275238167494535,8.811962127685547,0.3294752240180969,1.356276273727417,2.485549211502075,64.81355285644531
model.layers.21.self_attn.q_proj,-6.183249473571777,2.960214376449585,-0.010397696867585182,6.183249473571777,0.29373857378959656,0.803472638130188,4.480491638183594,152.0847625732422
model.layers.21.self_attn.k_proj,-6.183249473571777,2.960214376449585,-0.010397696867585182,6.183249473571777,0.29373857378959656,0.803472638130188,4.480491638183594,152.0847625732422
model.layers.21.self_attn.v_proj,-6.183249473571777,2.960214376449585,-0.010397696867585182,6.183249473571777,0.29373857378959656,0.803472638130188,4.480491638183594,152.0847625732422
model.layers.21.self_attn.o_proj,-3.289822578430176,1.8568437099456787,-0.005774523597210646,3.289822578430176,0.30785810947418213,1.1755179166793823,2.4930293560028076,17.654582977294922
model.layers.21.mlp.gate_proj,-1.6424553394317627,2.1043004989624023,-0.006013177800923586,2.1043004989624023,0.1550605446100235,0.5312668681144714,1.4220423698425293,27.609676361083984
model.layers.21.mlp.up_proj,-1.6424553394317627,2.1043004989624023,-0.006013177800923586,2.1043004989624023,0.1550605446100235,0.5312668681144714,1.4220423698425293,27.609676361083984
model.layers.21.mlp.down_proj,-4.843075752258301,6.295315742492676,0.004373033996671438,6.295315742492676,0.3329462707042694,1.3117129802703857,3.3832321166992188,49.19354248046875
model.layers.22.self_attn.q_proj,-5.488221645355225,2.797207832336426,-0.010911486111581326,5.488221645355225,0.2820705473423004,0.8489428162574768,3.9727585315704346,120.02304077148438
model.layers.22.self_attn.k_proj,-5.488221645355225,2.797207832336426,-0.010911486111581326,5.488221645355225,0.2820705473423004,0.8489428162574768,3.9727585315704346,120.02304077148438
model.layers.22.self_attn.v_proj,-5.488221645355225,2.797207832336426,-0.010911486111581326,5.488221645355225,0.2820705473423004,0.8489428162574768,3.9727585315704346,120.02304077148438
model.layers.22.self_attn.o_proj,-2.785881996154785,2.0273892879486084,-0.01839718408882618,2.785881996154785,0.31934842467308044,1.2556699514389038,1.819631576538086,11.299006462097168
model.layers.22.mlp.gate_proj,-1.7750208377838135,2.201237201690674,-0.008400308899581432,2.201237201690674,0.16491030156612396,0.567099928855896,1.5665256977081299,30.592248916625977
model.layers.22.mlp.up_proj,-1.7750208377838135,2.201237201690674,-0.008400308899581432,2.201237201690674,0.16491030156612396,0.567099928855896,1.5665256977081299,30.592248916625977
model.layers.22.mlp.down_proj,-5.783102989196777,7.868982315063477,-0.002602620283141732,7.868982315063477,0.41019177436828613,1.7039848566055298,3.626883029937744,38.37462615966797
model.layers.23.self_attn.q_proj,-4.740549087524414,2.5640623569488525,-0.007236237172037363,4.740549087524414,0.3009946942329407,0.9955945611000061,3.3236660957336426,53.509098052978516
model.layers.23.self_attn.k_proj,-4.740549087524414,2.5640623569488525,-0.007236237172037363,4.740549087524414,0.3009946942329407,0.9955945611000061,3.3236660957336426,53.509098052978516
model.layers.23.self_attn.v_proj,-4.740549087524414,2.5640623569488525,-0.007236237172037363,4.740549087524414,0.3009946942329407,0.9955945611000061,3.3236660957336426,53.509098052978516
model.layers.23.self_attn.o_proj,-1.3558478355407715,0.7411778569221497,-0.007795701734721661,1.3558478355407715,0.13355959951877594,0.6133371591567993,1.1703814268112183,24.93494987487793
model.layers.23.mlp.gate_proj,-1.7150547504425049,2.006232261657715,-0.005515476688742638,2.006232261657715,0.17208528518676758,0.6514175534248352,1.4248762130737305,23.507774353027344
model.layers.23.mlp.up_proj,-1.7150547504425049,2.006232261657715,-0.005515476688742638,2.006232261657715,0.17208528518676758,0.6514175534248352,1.4248762130737305,23.507774353027344
model.layers.23.mlp.down_proj,-6.44468879699707,7.306960105895996,-0.008895950391888618,7.306960105895996,0.41279202699661255,1.6705384254455566,4.159435749053955,52.43868637084961
model.layers.24.self_attn.q_proj,-4.392160892486572,4.079147815704346,-0.0018481991719454527,4.392160892486572,0.3134399652481079,1.15499746799469,3.201674461364746,56.42226791381836
model.layers.24.self_attn.k_proj,-4.392160892486572,4.079147815704346,-0.0018481991719454527,4.392160892486572,0.3134399652481079,1.15499746799469,3.201674461364746,56.42226791381836
model.layers.24.self_attn.v_proj,-4.392160892486572,4.079147815704346,-0.0018481991719454527,4.392160892486572,0.3134399652481079,1.15499746799469,3.201674461364746,56.42226791381836
model.layers.24.self_attn.o_proj,-1.4057241678237915,1.1978917121887207,-0.00521047692745924,1.4057241678237915,0.3391195237636566,1.1839721202850342,1.356798529624939,7.016275882720947
model.layers.24.mlp.gate_proj,-1.548224687576294,1.8463648557662964,-0.0018907770281657577,1.8463648557662964,0.16595688462257385,0.5788350105285645,1.5078150033950806,25.683483123779297
model.layers.24.mlp.up_proj,-1.548224687576294,1.8463648557662964,-0.0018907770281657577,1.8463648557662964,0.16595688462257385,0.5788350105285645,1.5078150033950806,25.683483123779297
model.layers.24.mlp.down_proj,-5.673355579376221,10.21886157989502,0.0005566946929320693,10.21886157989502,0.4727690517902374,1.9480259418487549,4.853046417236328,77.56031036376953
model.layers.25.self_attn.q_proj,-2.154015064239502,5.948579788208008,0.005071754101663828,5.948579788208008,0.30201879143714905,0.825077474117279,5.464812755584717,201.0227813720703
model.layers.25.self_attn.k_proj,-2.154015064239502,5.948579788208008,0.005071754101663828,5.948579788208008,0.30201879143714905,0.825077474117279,5.464812755584717,201.0227813720703
model.layers.25.self_attn.v_proj,-2.154015064239502,5.948579788208008,0.005071754101663828,5.948579788208008,0.30201879143714905,0.825077474117279,5.464812755584717,201.0227813720703
model.layers.25.self_attn.o_proj,-3.9497745037078857,2.9497671127319336,-0.003796883625909686,3.9497745037078857,0.3341600000858307,1.2975836992263794,2.45173978805542,19.736345291137695
model.layers.25.mlp.gate_proj,-1.5512646436691284,1.8028738498687744,-0.00026304597849957645,1.8028738498687744,0.163656547665596,0.5727227330207825,1.542367696762085,26.35004997253418
model.layers.25.mlp.up_proj,-1.5512646436691284,1.8028738498687744,-0.00026304597849957645,1.8028738498687744,0.163656547665596,0.5727227330207825,1.542367696762085,26.35004997253418
model.layers.25.mlp.down_proj,-12.511895179748535,9.658177375793457,-0.0034310349728912115,12.511895179748535,0.4588777422904968,1.5303480625152588,5.273126125335693,184.1607666015625
model.layers.26.self_attn.q_proj,-2.299426555633545,5.768595218658447,0.006877853535115719,5.768595218658447,0.30371299386024475,0.8269931077957153,5.305309295654297,169.72235107421875
model.layers.26.self_attn.k_proj,-2.299426555633545,5.768595218658447,0.006877853535115719,5.768595218658447,0.30371299386024475,0.8269931077957153,5.305309295654297,169.72235107421875
model.layers.26.self_attn.v_proj,-2.299426555633545,5.768595218658447,0.006877853535115719,5.768595218658447,0.30371299386024475,0.8269931077957153,5.305309295654297,169.72235107421875
model.layers.26.self_attn.o_proj,-4.271990776062012,2.0776000022888184,-0.001332416431978345,4.271990776062012,0.2991989850997925,1.2140824794769287,2.000999689102173,27.896665573120117
model.layers.26.mlp.gate_proj,-1.6119754314422607,2.1881723403930664,0.0014159735292196274,2.1881723403930664,0.18440201878547668,0.6238622665405273,1.9866384267807007,37.6656494140625
model.layers.26.mlp.up_proj,-1.6119754314422607,2.1881723403930664,0.0014159735292196274,2.1881723403930664,0.18440201878547668,0.6238622665405273,1.9866384267807007,37.6656494140625
model.layers.26.mlp.down_proj,-8.371109008789062,11.564674377441406,0.011064154095947742,11.564674377441406,0.5110248923301697,2.127551794052124,5.314172744750977,68.18810272216797
model.layers.27.self_attn.q_proj,-2.1251585483551025,6.567600250244141,0.008349930867552757,6.567600250244141,0.33926916122436523,0.9132143259048462,5.908272743225098,181.48390197753906
model.layers.27.self_attn.k_proj,-2.1251585483551025,6.567600250244141,0.008349930867552757,6.567600250244141,0.33926916122436523,0.9132143259048462,5.908272743225098,181.48390197753906
model.layers.27.self_attn.v_proj,-2.1251585483551025,6.567600250244141,0.008349930867552757,6.567600250244141,0.33926916122436523,0.9132143259048462,5.908272743225098,181.48390197753906
model.layers.27.self_attn.o_proj,-6.691882133483887,2.71982741355896,-0.07325174659490585,6.691882133483887,0.6195149421691895,2.3586957454681396,4.0239410400390625,12.837257385253906
model.layers.27.mlp.gate_proj,-1.873392105102539,3.1682589054107666,0.0018299446674063802,3.1682589054107666,0.19787955284118652,0.6774649620056152,1.991817831993103,46.13343811035156
model.layers.27.mlp.up_proj,-1.873392105102539,3.1682589054107666,0.0018299446674063802,3.1682589054107666,0.19787955284118652,0.6774649620056152,1.991817831993103,46.13343811035156
model.layers.27.mlp.down_proj,-11.447673797607422,12.680084228515625,0.021295521408319473,12.680084228515625,0.7224112153053284,3.0931482315063477,6.776607036590576,49.56208419799805
model.layers.28.self_attn.q_proj,-1.8788657188415527,5.966976642608643,0.004071168601512909,5.966976642608643,0.3159860372543335,0.9660136103630066,5.255927085876465,154.96728515625
model.layers.28.self_attn.k_proj,-1.8788657188415527,5.966976642608643,0.004071168601512909,5.966976642608643,0.3159860372543335,0.9660136103630066,5.255927085876465,154.96728515625
model.layers.28.self_attn.v_proj,-1.8788657188415527,5.966976642608643,0.004071168601512909,5.966976642608643,0.3159860372543335,0.9660136103630066,5.255927085876465,154.96728515625
model.layers.28.self_attn.o_proj,-2.5836877822875977,2.1819729804992676,-0.015445937402546406,2.5836877822875977,0.3192560374736786,1.2037009000778198,2.1817188262939453,12.59005069732666
model.layers.28.mlp.gate_proj,-1.8385876417160034,14.066843032836914,0.006229618564248085,14.066843032836914,0.3088364601135254,0.6931734085083008,3.2338650226593018,859.61083984375
model.layers.28.mlp.up_proj,-1.8385876417160034,14.066843032836914,0.006229618564248085,14.066843032836914,0.3088364601135254,0.6931734085083008,3.2338650226593018,859.61083984375
model.layers.28.mlp.down_proj,-90.62860870361328,2619.541015625,0.20876622200012207,2619.541015625,22.38855743408203,3.152181625366211,15.4118070602417,13553.015625
model.layers.29.self_attn.q_proj,-1.6893960237503052,7.5312113761901855,0.007298245094716549,7.5312113761901855,0.36834561824798584,0.830621063709259,6.786139011383057,221.97601318359375
model.layers.29.self_attn.k_proj,-1.6893960237503052,7.5312113761901855,0.007298245094716549,7.5312113761901855,0.36834561824798584,0.830621063709259,6.786139011383057,221.97601318359375
model.layers.29.self_attn.v_proj,-1.6893960237503052,7.5312113761901855,0.007298245094716549,7.5312113761901855,0.36834561824798584,0.830621063709259,6.786139011383057,221.97601318359375
model.layers.29.self_attn.o_proj,-5.050328254699707,3.196755886077881,-0.0356987789273262,5.050328254699707,0.4661228060722351,1.950118064880371,3.8357815742492676,20.69390296936035
model.layers.29.mlp.gate_proj,-2.403724193572998,28.168216705322266,0.018380945548415184,28.168216705322266,0.5541602969169617,1.011103868484497,7.726824760437012,1347.0059814453125
model.layers.29.mlp.up_proj,-2.403724193572998,28.168216705322266,0.018380945548415184,28.168216705322266,0.5541602969169617,1.011103868484497,7.726824760437012,1347.0059814453125
model.layers.29.mlp.down_proj,-112.299560546875,415.4596862792969,0.039762210100889206,415.4596862792969,5.6692891120910645,19.318986892700195,56.64850616455078,2144.508544921875
lm_head,-25.662948608398438,25.14664077758789,0.020554745569825172,25.662948608398438,1.8353185653686523,7.2240400314331055,21.445941925048828,66.23953247070312
