group,policy,calibration_tokens,alpha,scale,calibration_activation_mse,calibration_output_mse,calibration_clipping_fraction,evaluation_activation_mse,evaluation_output_mse,evaluation_clipping_fraction
representative,max,256,8.098298072814941,1.1568997246878487,0.011744354851543903,1.248950481414795,0.0,0.010913521982729435,1.176879644393921,0.0
representative,p99_9,256,1.8732216358184814,0.26760309083121164,0.005549002438783646,0.3180805444717407,0.0010019937762990594,0.005401740316301584,0.31899693608283997,0.00101470947265625
representative,p99,256,0.5721039175987244,0.08172913108553205,0.00989809725433588,0.6096415519714355,0.01000213623046875,0.009807814843952656,0.599332869052887,0.009409586898982525
unrelated,max,256,6.6999430656433105,0.9571347236633301,0.008635309524834156,0.8090502619743347,0.0,0.009693524800240993,0.9670525789260864,2.543131586207892e-06
unrelated,p99_9,256,1.9248050451278687,0.27497214930398123,0.004895892925560474,0.31667935848236084,0.0010019937762990594,0.00536758778616786,0.31913408637046814,0.0009562174673192203
unrelated,p99,256,0.5651890635490417,0.08074129479272026,0.009393579326570034,0.6094916462898254,0.009991963393986225,0.009870250709354877,0.6050622463226318,0.009653727523982525
tiny,max,32,6.244386196136475,0.8920551708766392,0.010877217166125774,0.99653160572052,0.0,0.009234139695763588,0.8877618312835693,2.0345052689663135e-05
tiny,p99_9,32,1.7915174961090088,0.25593107087271555,0.005358508322387934,0.30197104811668396,0.0010172525653615594,0.005466571543365717,0.3184095621109009,0.0010935465106740594
tiny,p99,32,0.5982120633125305,0.08545886618750435,0.00895433034747839,0.5476109981536865,0.010009765625,0.009580317884683609,0.578413724899292,0.008542378433048725
